order_id,customer_id,order_date,status,region_code
ORD000001,CUST0010,2025-07-30 03:52:58,SHIPPED,SOUTH
ORD000002,CUST0009,2026-01-18 01:39:30,RETURNED,EAST
ORD000003,CUST0282,2025-06-23 00:47:12,CANCELLED,EAST
ORD000004,CUST0224,2025-09-25 10:10:22,RETURNED,WEST
ORD000005,CUST0008,2025-03-04 03:04:25,DELIVERED,EAST
ORD000006,CUST0111,2025-09-12 18:29:31,DELIVERED,EAST
ORD000007,CUST0284,2026-01-10 14:55:17,DELIVERED,SOUTH
ORD000008,CUST0247,2025-08-02 21:10:21,RETURNED,WEST
ORD000009,CUST0144,2024-12-12 14:52:24,CANCELLED,EAST
ORD000010,CUST0429,2025-10-01 09:16:53,PLACED,SOUTH
ORD000011,CUST0228,2024-12-10 04:10:11,CANCELLED,EAST
ORD000012,CUST0175,2025-09-13 11:01:01,RETURNED,SOUTH
ORD000013,CUST0483,2025-04-14 06:08:05,DELIVERED,SOUTH
ORD000014,CUST0344,2025-03-26 15:02:39,SHIPPED,EAST
ORD000015,CUST0315,2026-02-07 02:09:57,DELIVERED,EAST
ORD000016,CUST0302,2025-07-17 00:42:21,PLACED,WEST
ORD000017,CUST0598,2025-02-17 01:36:55,RETURNED,NORTH
ORD000018,CUST0200,2026-05-23 03:35:04,CANCELLED,EAST
ORD000019,CUST0155,2026-04-24 22:40:30,SHIPPED,EAST
ORD000020,CUST0584,2025-10-26 05:23:54,CANCELLED,SOUTH
ORD000021,CUST0185,2026-06-28 12:13:35,CANCELLED,EAST
ORD000022,CUST0182,2026-05-17 15:12:45,PLACED,NORTH
ORD000023,CUST0215,2025-09-21 22:12:12,SHIPPED,SOUTH
ORD000024,CUST0091,2024-11-19 18:12:48,CANCELLED,WEST
ORD000025,CUST0489,2024-09-09 17:08:53,PLACED,SOUTH
ORD000026,CUST0015,2025-09-03 18:18:53,RETURNED,SOUTH
ORD000028,CUST0353,2025-07-02 06:19:27,PLACED,WEST
ORD000029,CUST0314,2025-03-04 20:56:00,PLACED,EAST
ORD000030,CUST0467,2026-04-15 16:15:52,RETURNED,EAST
ORD000031,CUST0138,2025-02-07 18:22:54,CANCELLED,EAST
ORD000032,CUST0169,2025-09-11 21:27:44,CANCELLED,NORTH
ORD000033,CUST0135,2025-04-29 08:40:20,PLACED,SOUTH
ORD000034,CUST0039,2025-07-05 21:50:28,DELIVERED,NORTH
ORD000035,CUST0050,2024-07-18 18:36:50,PLACED,NORTH
ORD000036,CUST0427,2026-03-12 21:21:13,PLACED,EAST
ORD000037,CUST0157,2025-11-25 18:51:48,PLACED,EAST
ORD000038,CUST0104,2025-08-15 04:55:52,DELIVERED,SOUTH
ORD000039,CUST0108,2025-05-08 15:04:47,RETURNED,NORTH
ORD000040,CUST0109,2026-02-08 01:34:01,RETURNED,SOUTH
ORD000041,CUST0536,2024-12-09 07:48:19,DELIVERED,WEST
ORD000042,CUST0041,2026-06-04 00:14:52,SHIPPED,WEST
ORD000043,CUST0003,,PLACED,NORTH
ORD000044,CUST0506,2025-11-11 13:53:09,PLACED,NORTH
ORD000045,CUST0104,2026-05-14 17:39:04,SHIPPED,WEST
ORD000046,CUST0304,2025-04-27 00:02:56,PLACED,NORTH
ORD000047,CUST0041,2026-03-12 23:11:34,DELIVERED,EAST
ORD000048,CUST0119,2025-11-11 22:30:41,PLACED,NORTH
ORD000049,CUST0175,2025-01-19 16:29:58,CANCELLED,EAST
ORD000050,CUST0096,2025-03-24 07:22:00,DELIVERED,SOUTH
ORD000051,CUST0410,2026-01-29 05:40:34,DELIVERED,WEST
ORD000052,CUST0490,2024-09-05 09:58:17,SHIPPED,NORTH
ORD000053,CUST0061,2025-12-11 12:35:58,SHIPPED,NORTH
ORD000054,CUST0495,2025-09-09 20:04:23,CANCELLED,SOUTH
ORD000055,CUST0368,2026-04-15 09:23:21,SHIPPED,WEST
ORD000056,CUST0116,2025-05-15 04:32:54,CANCELLED,NORTH
ORD000057,CUST0322,,RETURNED,SOUTH
ORD000058,CUST0347,2025-08-29 06:33:50,RETURNED,NORTH
ORD000059,CUST0255,2025-12-30 21:25:02,CANCELLED,SOUTH
ORD000060,CUST0572,2025-08-08 16:11:02,RETURNED,NORTH
ORD000062,CUST0170,2025-09-19 13:18:02,CANCELLED,EAST
ORD000063,CUST0285,2024-11-14 22:24:54,SHIPPED,WEST
ORD000064,CUST0241,2025-11-06 09:04:31,CANCELLED,WEST
ORD000065,CUST0511,2025-02-23 03:06:15,PLACED,WEST
ORD000066,CUST0019,2025-03-25 18:53:46,CANCELLED,NORTH
ORD000067,CUST0001,2025-06-01 12:30:20,RETURNED,EAST
ORD000068,CUST0576,2025-11-28 00:30:38,CANCELLED,EAST
ORD000069,CUST0056,2025-03-25 08:09:32,CANCELLED,EAST
ORD000070,CUST0485,2024-10-12 00:23:46,DELIVERED,WEST
ORD000071,CUST0228,,DELIVERED,EAST
ORD000072,CUST0383,2025-08-28 14:21:37,PLACED,SOUTH
ORD000073,CUST0420,2025-12-11 23:48:52,RETURNED,SOUTH
ORD000074,CUST0403,2024-09-08 00:11:52,SHIPPED,EAST
ORD000075,CUST0425,2024-08-21 05:15:46,RETURNED,NORTH
ORD000076,CUST0462,2026-04-27 22:19:41,RETURNED,SOUTH
ORD000077,CUST0005,2026-07-16 15:02:45,PLACED,WEST
ORD000078,CUST0495,2024-10-27 00:21:47,SHIPPED,SOUTH
ORD000079,CUST0132,2024-12-03 23:15:50,RETURNED,EAST
ORD000080,CUST0394,2026-05-27 16:16:52,RETURNED,SOUTH
ORD000081,CUST0352,2024-08-11 12:10:50,CANCELLED,SOUTH
ORD000082,CUST0525,2024-12-22 04:13:18,RETURNED,EAST
ORD000083,CUST0567,2024-10-09 08:50:54,SHIPPED,SOUTH
ORD000084,CUST0298,2025-07-30 05:09:12,SHIPPED,SOUTH
ORD000085,CUST0331,2024-12-14 01:11:19,DELIVERED,WEST
ORD000086,CUST0428,2024-10-02 22:05:45,RETURNED,EAST
ORD000087,CUST0433,2024-08-11 22:18:36,RETURNED,NORTH
ORD000089,CUST0165,2025-11-28 16:18:49,DELIVERED,SOUTH
ORD000090,CUST0303,2026-04-28 18:56:55,RETURNED,NORTH
ORD000091,CUST0464,2025-05-16 01:12:09,RETURNED,SOUTH
ORD000092,CUST0575,2025-12-11 05:44:12,RETURNED,EAST
ORD000093,CUST0049,2025-08-02 17:46:23,CANCELLED,WEST
ORD000094,CUST0321,2025-08-30 15:12:58,PLACED,NORTH
ORD000095,CUST0208,2025-11-14 20:50:54,CANCELLED,SOUTH
ORD000096,CUST0377,2026-01-13 22:38:11,RETURNED,SOUTH
ORD000097,CUST0199,2025-10-19 17:12:07,SHIPPED,NORTH
ORD000098,CUST0178,2025-02-02 00:14:08,PLACED,WEST
ORD000100,CUST0262,,CANCELLED,SOUTH
ORD000102,CUST0309,2025-10-31 20:59:23,RETURNED,EAST
ORD000103,CUST0326,2026-01-26 18:47:59,SHIPPED,NORTH
ORD000104,CUST0164,2024-09-11 06:22:55,RETURNED,WEST
ORD000105,CUST0227,2024-07-28 09:08:17,DELIVERED,EAST
ORD000106,CUST0224,2026-07-10 17:35:09,RETURNED,WEST
ORD000107,CUST0010,2026-07-03 14:32:10,DELIVERED,WEST
ORD000108,CUST0250,2024-12-27 08:21:20,DELIVERED,WEST
ORD000109,CUST0117,2025-12-09 13:14:58,RETURNED,EAST
ORD000111,CUST0304,2026-07-09 07:53:42,SHIPPED,EAST
ORD000112,CUST0099,2026-06-09 07:39:38,RETURNED,NORTH
ORD000113,CUST0216,2026-04-25 12:14:53,SHIPPED,WEST
ORD000114,CUST0211,2024-09-18 07:41:54,CANCELLED,NORTH
ORD000115,CUST0158,,DELIVERED,NORTH
ORD000116,CUST0056,2026-04-01 09:17:22,DELIVERED,NORTH
ORD000117,CUST0234,2025-11-26 11:27:59,CANCELLED,WEST
ORD000118,CUST0415,2024-09-03 08:43:44,PLACED,WEST
ORD000119,CUST0548,,RETURNED,NORTH
ORD000120,CUST0600,2025-09-24 15:26:24,PLACED,EAST
ORD000121,CUST0109,2026-02-15 16:37:10,DELIVERED,NORTH
ORD000122,CUST0449,2026-07-16 23:19:43,PLACED,WEST
ORD000123,CUST0226,2026-06-09 20:01:30,CANCELLED,EAST
ORD000124,CUST0148,2025-06-06 07:07:30,DELIVERED,NORTH
ORD000125,CUST0569,2026-04-17 16:52:49,PLACED,NORTH
ORD000126,CUST0404,2025-04-30 21:08:01,PLACED,EAST
ORD000127,CUST0353,2026-03-27 03:04:50,RETURNED,SOUTH
ORD000128,CUST0227,2026-01-19 11:21:30,DELIVERED,SOUTH
ORD000129,CUST0581,2024-09-01 11:59:12,RETURNED,WEST
ORD000130,CUST0075,2026-04-18 23:00:47,PLACED,EAST
ORD000131,CUST0595,2025-11-09 09:39:58,DELIVERED,EAST
ORD000132,CUST0241,2025-02-09 16:21:29,RETURNED,NORTH
ORD000133,CUST0326,2025-09-02 02:51:31,DELIVERED,EAST
ORD000134,CUST0157,2024-08-18 19:01:30,DELIVERED,EAST
ORD000135,CUST0173,,SHIPPED,SOUTH
ORD000136,CUST0447,2024-09-10 21:19:31,DELIVERED,SOUTH
ORD000137,CUST0340,2026-04-27 08:35:31,CANCELLED,WEST
ORD000138,CUST0313,2025-03-11 06:23:13,PLACED,SOUTH
ORD000139,CUST0084,2024-09-16 18:00:58,SHIPPED,SOUTH
ORD000140,CUST0079,2025-01-01 21:51:51,PLACED,NORTH
ORD000141,CUST0593,2025-08-25 17:06:10,RETURNED,SOUTH
ORD000142,CUST0565,2024-10-01 15:37:46,RETURNED,WEST
ORD000143,CUST0153,2024-10-04 20:10:06,SHIPPED,EAST
ORD000144,CUST0514,2026-02-01 11:22:48,CANCELLED,EAST
ORD000145,CUST0245,2025-01-13 15:40:59,RETURNED,SOUTH
ORD000146,CUST0144,2025-09-04 04:04:33,SHIPPED,SOUTH
ORD000147,CUST0496,2025-05-13 12:17:15,PLACED,SOUTH
ORD000148,CUST0238,2024-12-12 08:59:37,DELIVERED,SOUTH
ORD000150,CUST0466,2025-08-30 22:07:32,PLACED,EAST
ORD000151,CUST0534,2025-12-10 10:15:40,DELIVERED,EAST
ORD000152,CUST0584,2025-01-27 10:28:28,CANCELLED,EAST
ORD000153,CUST0080,2025-10-03 23:16:53,CANCELLED,SOUTH
ORD000154,CUST0362,2025-11-15 22:05:57,DELIVERED,WEST
ORD000155,CUST0007,2024-12-04 04:05:38,SHIPPED,WEST
ORD000156,CUST0079,2025-09-24 22:57:49,DELIVERED,SOUTH
ORD000157,CUST0162,2026-02-20 03:11:26,PLACED,SOUTH
ORD000158,CUST0339,2025-09-24 17:42:33,CANCELLED,WEST
ORD000159,CUST0166,2025-06-05 16:47:50,CANCELLED,NORTH
ORD000160,CUST0131,2026-02-17 17:39:49,SHIPPED,SOUTH
ORD000161,CUST0041,2024-10-08 04:07:20,SHIPPED,NORTH
ORD000162,CUST0185,2026-03-05 09:45:13,CANCELLED,NORTH
ORD000163,CUST0291,2025-11-26 06:00:55,SHIPPED,WEST
ORD000164,CUST0483,2025-10-09 01:07:16,SHIPPED,SOUTH
ORD000165,CUST0147,2025-04-22 06:06:58,SHIPPED,EAST
ORD000166,CUST0351,2025-12-24 02:38:53,RETURNED,NORTH
ORD000167,CUST0395,2025-07-09 12:22:01,PLACED,SOUTH
ORD000168,CUST0517,2026-01-14 21:41:04,SHIPPED,NORTH
ORD000169,CUST0040,2025-12-16 22:12:42,RETURNED,NORTH
ORD000170,CUST0134,2025-06-14 22:27:01,RETURNED,NORTH
ORD000171,CUST0442,2026-06-03 22:13:41,DELIVERED,NORTH
ORD000172,CUST0440,2024-10-07 01:48:17,CANCELLED,WEST
ORD000173,CUST0590,2024-11-24 18:44:47,SHIPPED,EAST
ORD000174,CUST0239,2026-03-25 17:45:01,PLACED,EAST
ORD000175,CUST0557,2024-12-05 08:01:50,SHIPPED,NORTH
ORD000176,CUST0008,2025-09-18 09:17:41,PLACED,NORTH
ORD000177,CUST0211,2025-05-26 02:45:49,DELIVERED,WEST
ORD000178,CUST0159,2025-08-14 05:21:03,RETURNED,EAST
ORD000179,CUST0549,2025-04-06 08:53:29,DELIVERED,EAST
ORD000180,CUST0407,2025-12-10 22:28:41,CANCELLED,WEST
ORD000181,CUST0573,2024-11-18 01:49:06,DELIVERED,EAST
ORD000182,CUST0408,2025-09-05 21:49:18,PLACED,SOUTH
ORD000183,CUST0166,2025-10-27 04:26:07,RETURNED,WEST
ORD000184,CUST0564,2025-06-27 07:32:27,PLACED,SOUTH
ORD000185,CUST0006,2026-07-13 07:16:08,SHIPPED,WEST
ORD000186,CUST0446,2025-04-17 20:59:32,DELIVERED,SOUTH
ORD000187,CUST0039,2026-06-19 04:44:05,CANCELLED,EAST
ORD000188,CUST0059,2025-03-20 00:06:37,SHIPPED,WEST
ORD000189,CUST0207,2025-09-18 11:27:17,RETURNED,EAST
ORD000190,CUST0523,2025-03-27 09:11:12,SHIPPED,SOUTH
ORD000191,CUST0369,2026-05-05 10:24:57,PLACED,SOUTH
ORD000192,CUST0283,2025-05-02 22:32:58,DELIVERED,WEST
ORD000193,CUST0206,2025-06-03 11:49:53,PLACED,NORTH
ORD000194,CUST0573,2026-03-03 18:37:28,DELIVERED,EAST
ORD000195,CUST0284,2025-11-22 01:39:36,SHIPPED,WEST
ORD000196,CUST0589,,SHIPPED,WEST
ORD000197,CUST0573,2026-04-20 21:50:25,DELIVERED,EAST
ORD000198,CUST0526,2026-02-02 00:20:59,RETURNED,EAST
ORD000199,CUST0387,2025-03-26 10:45:27,SHIPPED,EAST
ORD000200,CUST0470,2025-11-02 18:50:34,RETURNED,NORTH
ORD000201,CUST0265,2025-01-21 04:35:21,SHIPPED,SOUTH
ORD000202,CUST0423,2025-09-28 14:58:25,RETURNED,NORTH
ORD000203,CUST0270,2025-09-15 00:24:21,PLACED,WEST
ORD000204,CUST0351,2024-12-31 09:06:18,SHIPPED,WEST
ORD000205,CUST0224,2025-05-05 12:52:40,DELIVERED,SOUTH
ORD000206,CUST0195,2026-03-04 23:01:52,SHIPPED,SOUTH
ORD000207,CUST0272,2025-09-18 14:23:18,SHIPPED,SOUTH
ORD000208,CUST0365,2026-07-07 13:49:31,PLACED,NORTH
ORD000209,CUST0505,2026-02-16 13:08:31,RETURNED,NORTH
ORD000210,CUST0381,2025-01-31 13:45:36,CANCELLED,EAST
ORD000211,CUST0524,2025-04-23 20:14:28,SHIPPED,SOUTH
ORD000212,CUST0434,2025-07-04 14:36:27,RETURNED,NORTH
ORD000213,CUST0404,2025-06-30 19:11:46,SHIPPED,WEST
ORD000214,CUST0531,2025-05-22 15:30:00,PLACED,NORTH
ORD000215,CUST0389,2024-07-18 08:50:32,DELIVERED,EAST
ORD000216,CUST0266,2026-02-02 08:39:23,DELIVERED,SOUTH
ORD000217,CUST0352,2024-08-14 03:21:31,CANCELLED,WEST
ORD000218,CUST0382,2025-02-24 04:19:39,CANCELLED,EAST
ORD000219,CUST0586,2025-10-23 23:01:10,RETURNED,SOUTH
ORD000220,CUST0277,2024-07-30 21:05:42,RETURNED,WEST
ORD000221,CUST0201,2025-08-24 06:08:00,SHIPPED,WEST
ORD000222,CUST0181,2024-10-31 03:22:32,SHIPPED,EAST
ORD000223,CUST0308,2026-06-09 18:02:53,RETURNED,NORTH
ORD000224,CUST0168,2025-03-09 15:55:54,DELIVERED,WEST
ORD000225,CUST0099,2024-07-23 07:38:50,DELIVERED,EAST
ORD000226,CUST0574,2025-03-08 11:49:34,DELIVERED,EAST
ORD000228,CUST0552,2025-01-01 01:46:58,DELIVERED,EAST
ORD000229,CUST0523,2026-05-13 20:58:49,CANCELLED,NORTH
ORD000230,CUST0294,2025-03-19 19:26:39,SHIPPED,SOUTH
ORD000231,CUST0346,2024-08-04 01:44:18,RETURNED,WEST
ORD000232,CUST0074,2026-03-09 11:25:40,DELIVERED,SOUTH
ORD000233,CUST0299,2026-04-17 15:15:58,RETURNED,WEST
ORD000234,CUST0456,2026-01-04 22:29:34,DELIVERED,WEST
ORD000235,CUST0189,2026-04-17 22:40:36,SHIPPED,SOUTH
ORD000236,CUST0082,2025-02-17 13:24:33,CANCELLED,NORTH
ORD000237,CUST0485,2026-07-02 02:41:11,PLACED,WEST
ORD000238,CUST0086,2025-09-21 06:13:29,RETURNED,SOUTH
ORD000239,CUST0400,2025-08-19 07:59:12,SHIPPED,EAST
ORD000240,CUST0130,2025-09-23 07:48:34,SHIPPED,NORTH
ORD000242,CUST0554,2026-07-07 09:38:27,RETURNED,WEST
ORD000243,CUST0553,2025-10-05 04:48:44,RETURNED,WEST
ORD000244,CUST0578,2024-11-15 09:17:17,RETURNED,EAST
ORD000245,CUST0494,2024-09-29 10:50:06,PLACED,WEST
ORD000246,CUST0423,2024-08-16 12:39:04,DELIVERED,NORTH
ORD000248,CUST0548,,CANCELLED,WEST
ORD000249,CUST0441,2024-11-16 11:14:34,RETURNED,SOUTH
ORD000250,CUST0562,2024-11-02 17:18:40,CANCELLED,WEST
ORD000251,CUST0168,2025-02-09 00:55:59,CANCELLED,WEST
ORD000252,CUST0082,2025-04-29 08:06:59,SHIPPED,EAST
ORD000253,CUST0545,2026-06-09 05:00:50,CANCELLED,SOUTH
ORD000254,CUST0187,2025-10-13 09:21:52,PLACED,WEST
ORD000255,CUST0279,2025-01-28 06:51:57,CANCELLED,SOUTH
ORD000256,CUST0156,2025-01-15 04:31:16,RETURNED,NORTH
ORD000257,CUST0105,2025-02-02 05:55:36,SHIPPED,WEST
ORD000258,CUST0239,2026-04-09 04:42:54,PLACED,WEST
ORD000259,CUST0431,2025-03-08 11:14:19,CANCELLED,EAST
ORD000260,CUST0033,2024-09-27 14:25:52,SHIPPED,NORTH
ORD000261,CUST0402,2025-10-04 07:50:49,CANCELLED,SOUTH
ORD000262,CUST0257,2025-05-24 17:58:30,PLACED,NORTH
ORD000263,CUST0255,2025-10-03 05:20:05,CANCELLED,SOUTH
ORD000264,CUST0035,2026-07-01 03:45:09,PLACED,SOUTH
ORD000265,CUST0320,2025-01-03 02:31:12,SHIPPED,NORTH
ORD000266,CUST0563,2026-02-08 12:54:18,DELIVERED,WEST
ORD000267,CUST0204,2024-09-16 04:20:13,PLACED,SOUTH
ORD000268,CUST0242,2026-01-31 05:42:51,DELIVERED,NORTH
ORD000269,CUST0283,2025-03-27 09:53:38,CANCELLED,SOUTH
ORD000271,CUST0092,2025-07-28 00:15:57,CANCELLED,NORTH
ORD000272,CUST0347,2024-11-29 12:19:53,PLACED,NORTH
ORD000273,CUST0158,2025-08-01 11:19:38,PLACED,SOUTH
ORD000274,CUST0325,2026-04-20 13:27:24,DELIVERED,WEST
ORD000275,CUST0022,2026-06-16 12:13:09,DELIVERED,SOUTH
ORD000276,CUST0041,2026-01-04 20:10:47,CANCELLED,EAST
ORD000277,CUST0502,2026-01-15 03:13:47,SHIPPED,EAST
ORD000278,CUST0480,2025-10-08 18:56:49,RETURNED,SOUTH
ORD000279,CUST0159,2026-04-15 18:04:02,DELIVERED,EAST
ORD000280,CUST0519,2026-06-23 05:07:23,SHIPPED,NORTH
ORD000281,CUST0373,2024-09-30 06:54:37,SHIPPED,EAST
ORD000282,CUST0552,2025-10-23 13:06:33,SHIPPED,WEST
ORD000283,CUST0158,2025-11-29 01:41:22,DELIVERED,WEST
ORD000284,CUST0114,2025-03-08 12:55:54,PLACED,NORTH
ORD000285,CUST0133,2024-08-16 05:51:09,PLACED,SOUTH
ORD000286,CUST0197,2026-02-05 20:05:47,RETURNED,WEST
ORD000287,CUST0539,2026-04-07 01:46:01,RETURNED,EAST
ORD000289,CUST0214,2025-05-10 13:43:50,PLACED,WEST
ORD000290,CUST0063,2024-09-17 04:07:12,CANCELLED,EAST
ORD000291,CUST0060,2026-03-16 03:43:19,DELIVERED,NORTH
ORD000292,CUST0312,2024-08-30 15:40:13,SHIPPED,NORTH
ORD000293,CUST0237,2026-07-04 06:07:32,SHIPPED,SOUTH
ORD000294,CUST0255,2026-03-08 23:50:28,SHIPPED,WEST
ORD000295,CUST0591,2025-04-03 22:40:13,CANCELLED,WEST
ORD000296,CUST0171,2025-04-14 11:05:04,RETURNED,WEST
ORD000297,CUST0162,2026-06-01 13:42:59,RETURNED,WEST
ORD000298,CUST0323,2026-04-13 21:49:15,DELIVERED,EAST
ORD000299,CUST0441,2025-06-20 13:12:58,DELIVERED,SOUTH
ORD000300,CUST0220,2025-06-06 17:43:22,RETURNED,EAST
ORD000301,CUST0464,2026-07-10 18:14:21,CANCELLED,NORTH
ORD000302,CUST0292,2026-05-23 06:44:23,RETURNED,SOUTH
ORD000303,CUST0310,,SHIPPED,SOUTH
ORD000304,CUST0023,2026-05-24 19:11:28,DELIVERED,SOUTH
ORD000305,CUST0472,2026-03-08 14:18:25,SHIPPED,EAST
ORD000306,CUST0597,2025-01-10 07:31:09,DELIVERED,EAST
ORD000307,CUST0410,2026-02-18 22:56:09,SHIPPED,NORTH
ORD000308,CUST0495,2025-12-07 05:52:53,RETURNED,NORTH
ORD000309,CUST0308,2026-05-09 00:36:58,RETURNED,WEST
ORD000310,CUST0058,2025-10-29 00:54:42,DELIVERED,EAST
ORD000311,CUST0445,2026-07-09 12:32:43,PLACED,SOUTH
ORD000312,CUST0012,2024-07-27 02:20:52,CANCELLED,NORTH
ORD000313,CUST0043,2025-11-22 13:42:27,RETURNED,SOUTH
ORD000314,CUST0227,2026-03-14 01:19:44,CANCELLED,WEST
ORD000315,CUST0590,2025-11-21 06:08:19,SHIPPED,WEST
ORD000316,CUST0404,2025-05-11 07:16:09,DELIVERED,NORTH
ORD000317,CUST0051,2024-08-29 06:12:49,DELIVERED,NORTH
ORD000318,CUST0445,2025-03-11 22:46:11,SHIPPED,SOUTH
ORD000319,CUST0203,2025-08-29 12:24:35,RETURNED,SOUTH
ORD000320,CUST0537,2024-08-19 04:53:18,PLACED,EAST
ORD000321,CUST0332,2025-03-23 05:41:14,RETURNED,NORTH
ORD000322,CUST0424,2025-09-10 14:12:54,DELIVERED,SOUTH
ORD000323,CUST0025,2025-09-29 23:56:06,SHIPPED,EAST
ORD000324,CUST0453,2024-11-11 09:34:09,CANCELLED,NORTH
ORD000325,CUST0240,2025-03-29 01:46:43,DELIVERED,SOUTH
ORD000326,CUST0088,2025-08-12 10:38:25,PLACED,SOUTH
ORD000327,CUST0152,2026-01-11 04:32:45,DELIVERED,NORTH
ORD000328,CUST0114,2025-01-05 17:09:11,CANCELLED,NORTH
ORD000329,CUST0551,2024-11-14 05:00:13,RETURNED,EAST
ORD000330,CUST0145,2024-08-26 10:57:11,PLACED,WEST
ORD000331,CUST0540,2025-12-23 10:39:59,SHIPPED,NORTH
ORD000332,CUST0278,2026-02-06 10:48:30,PLACED,NORTH
ORD000333,CUST0278,2025-05-19 09:03:35,DELIVERED,NORTH
ORD000335,CUST0521,2026-02-22 23:09:14,PLACED,EAST
ORD000336,CUST0545,2025-10-23 11:15:49,SHIPPED,WEST
ORD000337,CUST0023,2025-10-08 00:43:23,RETURNED,EAST
ORD000338,CUST0403,2025-08-14 06:01:57,PLACED,EAST
ORD000339,CUST0364,2024-09-26 04:27:48,SHIPPED,EAST
ORD000340,CUST0264,2025-01-06 17:10:18,PLACED,EAST
ORD000341,CUST0350,2025-06-18 17:03:36,SHIPPED,NORTH
ORD000342,CUST0534,2025-02-28 07:08:33,RETURNED,SOUTH
ORD000343,CUST0587,2026-03-21 00:09:47,DELIVERED,EAST
ORD000344,CUST0135,2025-05-20 11:53:52,SHIPPED,SOUTH
ORD000345,CUST0317,2024-11-10 04:20:48,RETURNED,SOUTH
ORD000346,CUST0149,2024-10-28 21:22:40,RETURNED,SOUTH
ORD000347,CUST0571,2025-04-05 07:49:28,PLACED,SOUTH
ORD000348,CUST0150,2024-09-20 07:56:52,DELIVERED,WEST
ORD000349,CUST0311,2025-07-22 19:46:09,DELIVERED,SOUTH
ORD000350,CUST0110,2025-10-05 01:37:12,PLACED,EAST
ORD000351,CUST0237,2026-02-17 02:52:29,SHIPPED,NORTH
ORD000352,CUST0489,2024-08-25 12:25:15,RETURNED,WEST
ORD000353,CUST0383,2025-09-16 23:29:49,CANCELLED,WEST
ORD000354,CUST0168,2025-05-24 06:39:38,PLACED,WEST
ORD000355,CUST0016,2025-02-07 03:37:51,CANCELLED,SOUTH
ORD000356,CUST0208,2024-09-22 07:10:58,PLACED,SOUTH
ORD000357,CUST0450,2025-05-23 18:16:40,CANCELLED,EAST
ORD000358,CUST0253,2025-08-11 23:51:23,PLACED,WEST
ORD000359,CUST0404,2025-06-20 16:41:48,RETURNED,NORTH
ORD000360,CUST0463,2026-03-11 06:20:29,PLACED,SOUTH
ORD000361,CUST0406,2026-01-11 06:26:41,PLACED,WEST
ORD000362,CUST0051,2024-10-27 11:33:53,CANCELLED,WEST
ORD000363,CUST0293,2026-03-02 02:31:07,CANCELLED,EAST
ORD000364,CUST0056,2024-10-30 23:22:07,SHIPPED,WEST
ORD000365,CUST0463,2025-07-26 18:14:26,RETURNED,NORTH
ORD000366,CUST0600,2025-09-25 15:13:55,RETURNED,SOUTH
ORD000367,CUST0332,2024-12-19 02:12:22,SHIPPED,WEST
ORD000368,CUST0207,2025-08-01 03:35:08,PLACED,EAST
ORD000369,CUST0168,2025-05-21 06:28:19,PLACED,NORTH
ORD000370,CUST0461,2025-12-06 19:59:15,PLACED,WEST
ORD000371,CUST0524,2025-10-04 23:34:17,SHIPPED,WEST
ORD000372,CUST0045,2024-12-17 12:45:05,DELIVERED,SOUTH
ORD000373,CUST0149,2025-09-27 02:07:04,PLACED,WEST
ORD000374,CUST0457,2025-11-08 16:12:31,SHIPPED,NORTH
ORD000375,CUST0208,,DELIVERED,NORTH
ORD000376,CUST0511,2025-08-29 09:52:57,PLACED,WEST
ORD000377,CUST0488,2025-01-25 11:33:02,CANCELLED,NORTH
ORD000378,CUST0007,2025-01-22 10:16:34,RETURNED,EAST
ORD000379,CUST0571,2024-09-11 20:44:10,SHIPPED,NORTH
ORD000380,CUST0057,2025-02-10 00:35:14,PLACED,SOUTH
ORD000381,CUST0592,2026-03-13 13:16:23,DELIVERED,EAST
ORD000382,CUST0051,2025-06-17 06:12:06,SHIPPED,SOUTH
ORD000383,CUST0587,2025-03-26 10:01:31,SHIPPED,WEST
ORD000384,CUST0369,2026-01-01 01:38:11,PLACED,EAST
ORD000385,CUST0389,2026-07-06 00:22:40,CANCELLED,NORTH
ORD000386,CUST0138,2025-10-08 14:57:13,DELIVERED,EAST
ORD000387,CUST0538,2024-09-25 19:21:39,SHIPPED,NORTH
ORD000388,CUST0542,2024-10-13 14:54:15,CANCELLED,EAST
ORD000389,CUST0325,2025-12-21 23:28:39,RETURNED,EAST
ORD000390,CUST0577,2025-06-04 10:55:25,CANCELLED,WEST
ORD000391,CUST0239,2025-06-12 04:33:52,SHIPPED,NORTH
ORD000392,CUST0477,2025-04-27 22:16:40,PLACED,SOUTH
ORD000393,CUST0425,2025-04-14 18:07:28,DELIVERED,EAST
ORD000394,CUST0218,,SHIPPED,EAST
ORD000395,CUST0070,2025-03-24 08:11:31,RETURNED,EAST
ORD000396,CUST0117,2025-04-11 19:36:19,DELIVERED,WEST
ORD000397,CUST0030,2025-10-22 11:52:04,SHIPPED,EAST
ORD000398,CUST0491,2025-12-09 06:55:15,PLACED,SOUTH
ORD000399,CUST0472,2024-08-06 00:26:36,RETURNED,EAST
ORD000400,CUST0424,2026-03-08 01:05:41,PLACED,EAST
ORD000401,CUST0324,2025-03-11 23:25:50,PLACED,SOUTH
ORD000402,CUST0340,2024-11-26 16:20:32,DELIVERED,NORTH
ORD000403,CUST0288,2025-04-15 20:22:54,DELIVERED,WEST
ORD000404,CUST0170,2025-11-08 20:23:14,CANCELLED,SOUTH
ORD000405,CUST0316,2026-04-17 08:37:56,DELIVERED,NORTH
ORD000406,CUST0089,2026-04-02 18:23:53,SHIPPED,EAST
ORD000407,CUST0310,2025-06-26 16:35:21,DELIVERED,SOUTH
ORD000408,CUST0039,2025-11-14 06:09:10,PLACED,WEST
ORD000409,CUST0495,2024-11-08 11:26:56,SHIPPED,SOUTH
ORD000410,CUST0496,2025-06-25 08:01:44,RETURNED,EAST
ORD000411,CUST0147,2024-08-22 01:46:25,PLACED,SOUTH
ORD000412,CUST0038,2026-07-06 01:46:42,RETURNED,NORTH
ORD000414,CUST0048,2025-01-15 13:45:25,DELIVERED,NORTH
ORD000415,CUST0320,2024-12-20 07:35:51,SHIPPED,EAST
ORD000416,CUST0294,2026-01-01 13:13:03,DELIVERED,WEST
ORD000417,CUST0280,2025-05-04 13:43:12,DELIVERED,NORTH
ORD000419,CUST0359,2026-02-26 18:22:37,DELIVERED,SOUTH
ORD000420,CUST0291,2026-02-04 01:10:22,SHIPPED,NORTH
ORD000421,CUST0347,2026-05-11 13:52:17,PLACED,SOUTH
ORD000423,CUST0089,2024-10-13 11:57:23,SHIPPED,WEST
ORD000424,CUST0320,2026-02-12 15:59:47,SHIPPED,NORTH
ORD000425,CUST0477,2024-08-29 13:51:28,PLACED,WEST
ORD000426,CUST0318,2025-01-22 23:56:39,CANCELLED,WEST
ORD000427,CUST0230,2025-11-12 13:31:12,RETURNED,EAST
ORD000428,CUST0402,2026-07-08 00:41:21,DELIVERED,EAST
ORD000429,CUST0031,2024-11-09 22:05:44,PLACED,EAST
ORD000430,CUST0175,2026-05-23 23:54:47,DELIVERED,SOUTH
ORD000431,CUST0416,2026-04-25 19:05:25,PLACED,EAST
ORD000432,CUST0073,2026-04-16 05:36:02,RETURNED,WEST
ORD000433,CUST0424,2025-02-26 16:02:03,SHIPPED,SOUTH
ORD000434,CUST0394,2024-07-28 21:12:09,SHIPPED,WEST
ORD000435,CUST0446,2025-04-10 20:14:15,DELIVERED,SOUTH
ORD000436,CUST0080,2026-01-08 02:28:33,RETURNED,WEST
ORD000437,CUST0475,2026-04-03 22:04:33,PLACED,WEST
ORD000438,CUST0416,2024-10-12 15:34:03,PLACED,WEST
ORD000439,CUST0063,2025-03-12 05:00:29,SHIPPED,NORTH
ORD000440,CUST0153,2025-07-02 18:57:04,DELIVERED,WEST
ORD000441,CUST0458,2025-07-19 04:49:10,DELIVERED,EAST
ORD000442,CUST0312,2024-08-04 21:15:04,CANCELLED,EAST
ORD000443,CUST0597,,RETURNED,WEST
ORD000444,CUST0302,2024-12-27 13:24:56,RETURNED,NORTH
ORD000446,CUST0032,2025-09-09 02:20:39,RETURNED,WEST
ORD000447,CUST0392,2024-12-29 18:50:15,CANCELLED,SOUTH
ORD000448,CUST0487,2024-12-23 12:19:41,RETURNED,WEST
ORD000449,CUST0369,2025-09-15 15:16:52,SHIPPED,EAST
ORD000450,CUST0129,2025-08-28 15:34:42,PLACED,NORTH
ORD000451,CUST0499,2026-02-21 00:49:45,SHIPPED,NORTH
ORD000452,CUST0426,2025-02-04 02:55:48,RETURNED,WEST
ORD000453,CUST0466,2025-09-17 11:34:12,RETURNED,WEST
ORD000454,CUST0232,2025-07-28 09:27:32,RETURNED,NORTH
ORD000455,CUST0243,2025-11-14 03:32:24,DELIVERED,WEST
ORD000456,CUST0591,2026-02-05 03:57:26,PLACED,WEST
ORD000457,CUST0116,2024-11-05 00:06:08,PLACED,SOUTH
ORD000458,CUST0540,2026-01-09 02:15:38,DELIVERED,WEST
ORD000459,CUST0536,2026-01-11 22:56:13,PLACED,SOUTH
ORD000460,CUST0080,2025-12-19 06:28:32,RETURNED,EAST
ORD000461,CUST0352,2024-08-01 11:58:56,PLACED,WEST
ORD000462,CUST0481,2025-05-06 17:39:09,DELIVERED,WEST
ORD000463,CUST0302,2025-10-14 01:11:43,PLACED,EAST
ORD000464,CUST0578,2026-06-21 23:00:38,CANCELLED,SOUTH
ORD000465,CUST0299,2025-12-15 14:15:37,RETURNED,NORTH
ORD000466,CUST0085,2025-08-31 09:26:32,PLACED,EAST
ORD000467,CUST0288,2024-08-20 23:45:32,DELIVERED,NORTH
ORD000468,CUST0179,2025-02-01 15:14:49,SHIPPED,WEST
ORD000469,CUST0180,2024-11-27 12:11:02,SHIPPED,WEST
ORD000470,CUST0541,2024-09-02 21:43:41,DELIVERED,NORTH
ORD000471,CUST0158,2025-02-23 19:35:30,CANCELLED,WEST
ORD000472,CUST0451,2024-12-21 02:26:28,SHIPPED,SOUTH
ORD000473,CUST0354,2026-03-23 04:44:07,DELIVERED,NORTH
ORD000474,CUST0476,2026-01-10 05:23:38,DELIVERED,WEST
ORD000475,CUST0546,2025-11-10 04:53:38,CANCELLED,WEST
ORD000476,CUST0544,2025-02-13 22:14:54,PLACED,EAST
ORD000477,CUST0460,2024-08-28 10:46:34,DELIVERED,NORTH
ORD000478,CUST0545,2025-07-14 08:41:36,CANCELLED,EAST
ORD000479,CUST0274,2025-12-08 18:46:00,DELIVERED,WEST
ORD000480,CUST0248,2024-07-24 16:33:21,RETURNED,SOUTH
ORD000481,CUST0185,2024-09-07 22:40:06,PLACED,NORTH
ORD000482,CUST0013,2025-05-16 02:03:58,RETURNED,NORTH
ORD000483,CUST0360,2025-12-13 03:26:14,DELIVERED,EAST
ORD000484,CUST0025,2025-02-13 22:47:15,PLACED,SOUTH
ORD000485,CUST0125,2025-12-15 04:04:08,PLACED,NORTH
ORD000486,CUST0134,2026-05-11 01:10:22,RETURNED,SOUTH
ORD000487,CUST0189,2026-06-27 06:18:10,CANCELLED,NORTH
ORD000488,CUST0284,2025-12-12 22:21:30,DELIVERED,EAST
ORD000489,CUST0076,2025-04-24 00:10:01,PLACED,WEST
ORD000490,CUST0062,2026-05-20 12:35:05,DELIVERED,SOUTH
ORD000491,CUST0504,2024-10-10 00:26:15,SHIPPED,WEST
ORD000492,CUST0504,2024-08-02 00:50:28,RETURNED,WEST
ORD000493,CUST0109,2025-03-02 09:42:29,DELIVERED,NORTH
ORD000496,CUST0273,2025-12-04 15:05:48,DELIVERED,WEST
ORD000497,CUST0528,2025-05-14 10:30:38,CANCELLED,WEST
ORD000498,CUST0072,2025-01-13 18:29:27,PLACED,WEST
ORD000499,CUST0494,2025-05-09 21:58:49,RETURNED,EAST
ORD000500,CUST0311,2025-08-17 05:04:27,PLACED,EAST
ORD000501,CUST0349,2026-01-20 10:45:13,CANCELLED,EAST
ORD000502,CUST0181,2024-10-03 13:56:35,CANCELLED,SOUTH
ORD000503,CUST0400,2026-06-20 06:35:31,DELIVERED,WEST
ORD000504,CUST0449,2025-03-20 05:43:15,SHIPPED,NORTH
ORD000505,CUST0245,2025-07-29 15:57:10,PLACED,EAST
ORD000506,CUST0461,2026-05-22 11:00:38,PLACED,NORTH
ORD000507,CUST0346,2025-10-25 00:03:56,PLACED,WEST
ORD000508,CUST0536,2025-09-04 02:12:15,RETURNED,SOUTH
ORD000509,CUST0239,2024-09-24 14:01:11,PLACED,SOUTH
ORD000510,CUST0020,2024-12-10 00:16:03,RETURNED,NORTH
ORD000511,CUST0134,,PLACED,EAST
ORD000512,CUST0100,2025-08-11 02:00:11,SHIPPED,NORTH
ORD000513,CUST0109,2025-07-08 22:40:41,RETURNED,SOUTH
ORD000514,CUST0208,2025-09-26 17:10:07,CANCELLED,EAST
ORD000515,CUST0590,2026-07-07 17:36:38,DELIVERED,SOUTH
ORD000516,CUST0178,2026-01-22 14:35:02,PLACED,EAST
ORD000517,CUST0426,2024-08-03 21:46:10,DELIVERED,SOUTH
ORD000518,CUST0596,2024-08-18 02:14:02,PLACED,WEST
ORD000519,CUST0017,2025-01-26 08:55:09,PLACED,NORTH
ORD000521,CUST0488,2025-09-02 10:12:47,SHIPPED,SOUTH
ORD000522,CUST0536,2025-03-12 01:27:23,SHIPPED,SOUTH
ORD000523,CUST0039,2025-04-03 07:23:03,CANCELLED,NORTH
ORD000524,CUST0309,2025-08-02 18:12:20,PLACED,SOUTH
ORD000525,CUST0543,2025-05-19 18:41:58,RETURNED,EAST
ORD000526,CUST0553,2026-02-16 09:38:39,CANCELLED,SOUTH
ORD000527,CUST0199,2024-11-17 03:59:08,SHIPPED,WEST
ORD000528,CUST0164,2024-08-01 11:40:43,PLACED,NORTH
ORD000529,CUST0292,2025-04-13 13:38:29,DELIVERED,EAST
ORD000530,CUST0465,2025-12-31 17:41:01,PLACED,SOUTH
ORD000531,CUST0030,2025-04-17 13:19:51,PLACED,NORTH
ORD000532,CUST0456,2025-04-20 05:55:26,DELIVERED,WEST
ORD000533,CUST0334,2025-11-15 20:20:44,PLACED,EAST
ORD000534,CUST0243,2025-03-10 00:57:52,SHIPPED,WEST
ORD000535,CUST0076,2025-01-17 16:22:17,CANCELLED,NORTH
ORD000536,CUST0149,2025-08-11 13:12:00,RETURNED,WEST
ORD000537,CUST0383,2025-02-17 11:56:21,SHIPPED,EAST
ORD000538,CUST0208,2026-04-09 19:58:31,PLACED,NORTH
ORD000539,CUST0114,2024-09-04 09:08:24,CANCELLED,WEST
ORD000540,CUST0352,2025-11-16 06:48:38,DELIVERED,SOUTH
ORD000541,CUST0175,2025-02-03 08:41:13,RETURNED,SOUTH
ORD000542,CUST0535,2026-05-31 16:55:37,SHIPPED,WEST
ORD000543,CUST0286,,CANCELLED,SOUTH
ORD000544,CUST0445,2026-06-09 19:29:36,RETURNED,SOUTH
ORD000545,CUST0006,2026-04-12 03:15:41,PLACED,NORTH
ORD000546,CUST0517,2024-08-10 02:28:46,RETURNED,WEST
ORD000547,CUST0101,2025-09-22 06:00:53,SHIPPED,NORTH
ORD000548,CUST0013,2025-02-20 20:23:14,CANCELLED,SOUTH
ORD000549,CUST0303,2025-01-09 10:21:42,PLACED,NORTH
ORD000550,CUST0313,2024-11-13 01:14:27,CANCELLED,NORTH
ORD000551,CUST0475,2025-04-09 16:33:04,CANCELLED,SOUTH
ORD000552,CUST0380,2026-06-15 01:45:20,PLACED,NORTH
ORD000553,CUST0341,2025-05-19 08:23:12,DELIVERED,WEST
ORD000554,CUST0556,2025-12-10 11:17:28,SHIPPED,NORTH
ORD000555,CUST0344,2024-11-01 19:55:12,PLACED,EAST
ORD000556,CUST0114,2024-09-24 09:48:47,CANCELLED,NORTH
ORD000557,CUST0180,2026-02-05 03:19:30,PLACED,SOUTH
ORD000558,CUST0343,2025-05-11 02:03:09,PLACED,WEST
ORD000559,CUST0595,2025-08-26 16:04:46,SHIPPED,SOUTH
ORD000560,CUST0274,2025-12-26 19:56:11,CANCELLED,EAST
ORD000561,CUST0382,2025-11-05 22:03:39,CANCELLED,NORTH
ORD000562,CUST0545,2026-05-27 01:31:48,RETURNED,EAST
ORD000563,CUST0377,2025-11-16 01:49:09,PLACED,SOUTH
ORD000564,CUST0469,2026-01-02 10:55:03,CANCELLED,SOUTH
ORD000565,CUST0079,2025-01-10 20:45:37,DELIVERED,NORTH
ORD000566,CUST0509,2025-06-07 08:51:10,SHIPPED,NORTH
ORD000567,CUST0555,2025-01-20 21:50:44,CANCELLED,EAST
ORD000568,CUST0022,2025-10-06 04:47:55,PLACED,NORTH
ORD000569,CUST0238,2024-11-13 20:38:46,RETURNED,EAST
ORD000570,CUST0352,2025-06-14 11:04:45,DELIVERED,WEST
ORD000571,CUST0543,2025-03-17 20:25:56,CANCELLED,WEST
ORD000572,CUST0136,2026-06-24 19:53:32,DELIVERED,SOUTH
ORD000573,CUST0233,2025-10-31 10:05:22,DELIVERED,NORTH
ORD000574,CUST0292,2025-03-30 23:30:28,SHIPPED,SOUTH
ORD000575,CUST0293,2025-07-02 02:18:57,SHIPPED,SOUTH
ORD000576,CUST0120,2025-09-12 09:09:55,DELIVERED,SOUTH
ORD000577,CUST0379,2024-10-28 13:36:22,RETURNED,NORTH
ORD000578,CUST0353,2024-12-25 19:25:49,CANCELLED,SOUTH
ORD000579,CUST0125,2025-12-07 00:10:02,CANCELLED,WEST
ORD000580,CUST0470,2024-11-02 20:26:57,SHIPPED,NORTH
ORD000581,CUST0560,2025-10-12 12:23:34,DELIVERED,EAST
ORD000582,CUST0297,2025-09-11 16:45:44,RETURNED,SOUTH
ORD000583,CUST0453,2025-12-31 12:47:10,PLACED,WEST
ORD000584,CUST0143,2026-03-31 16:14:05,PLACED,EAST
ORD000586,CUST0335,2026-05-19 04:59:42,SHIPPED,SOUTH
ORD000587,CUST0285,2024-11-02 11:44:45,PLACED,WEST
ORD000588,CUST0090,2025-03-15 05:20:35,CANCELLED,SOUTH
ORD000589,CUST0524,2026-01-04 00:21:50,DELIVERED,WEST
ORD000590,CUST0438,2026-01-16 21:53:25,DELIVERED,NORTH
ORD000591,CUST0360,2026-06-16 05:07:06,CANCELLED,NORTH
ORD000592,CUST0455,2025-08-29 01:38:14,CANCELLED,WEST
ORD000593,CUST0435,2026-06-24 16:40:24,CANCELLED,SOUTH
ORD000594,CUST0089,2024-10-31 06:29:05,DELIVERED,WEST
ORD000595,CUST0538,2025-06-17 06:10:30,PLACED,WEST
ORD000596,CUST0420,2026-06-24 06:13:21,DELIVERED,WEST
ORD000597,CUST0474,2026-03-08 07:58:04,SHIPPED,SOUTH
ORD000598,CUST0391,2024-11-07 23:01:56,CANCELLED,NORTH
ORD000599,CUST0310,2025-12-09 22:14:31,DELIVERED,WEST
ORD000600,CUST0475,2026-07-12 22:08:03,PLACED,SOUTH
ORD000601,CUST0484,2025-09-29 22:39:22,DELIVERED,WEST
ORD000602,CUST0251,,DELIVERED,WEST
ORD000603,CUST0069,2024-11-17 23:25:20,DELIVERED,WEST
ORD000604,CUST0265,2025-03-21 19:45:14,CANCELLED,NORTH
ORD000605,CUST0590,,DELIVERED,SOUTH
ORD000606,CUST0150,2025-09-24 02:46:18,SHIPPED,EAST
ORD000607,CUST0280,2025-09-05 04:19:07,DELIVERED,NORTH
ORD000608,CUST0543,2026-01-28 00:32:19,PLACED,SOUTH
ORD000609,CUST0188,2024-10-18 04:05:40,RETURNED,SOUTH
ORD000610,CUST0324,2024-12-08 05:43:29,DELIVERED,EAST
ORD000611,CUST0372,2025-03-21 21:38:37,RETURNED,EAST
ORD000612,CUST0014,2026-05-01 07:01:45,DELIVERED,EAST
ORD000613,CUST0422,2026-06-01 10:50:19,SHIPPED,NORTH
ORD000614,CUST0516,2024-11-08 05:56:15,SHIPPED,NORTH
ORD000615,CUST0079,2026-02-02 22:56:25,SHIPPED,NORTH
ORD000616,CUST0320,2024-08-10 02:48:17,SHIPPED,WEST
ORD000617,CUST0536,2026-03-04 17:56:18,DELIVERED,SOUTH
ORD000618,CUST0030,2025-03-22 17:57:36,PLACED,SOUTH
ORD000619,CUST0146,2026-06-01 20:02:35,DELIVERED,SOUTH
ORD000620,CUST0081,2025-06-04 19:27:48,PLACED,NORTH
ORD000622,CUST0034,2025-03-10 20:00:50,RETURNED,NORTH
ORD000623,CUST0260,2025-06-27 07:23:51,DELIVERED,NORTH
ORD000624,CUST0127,2026-02-17 08:22:05,SHIPPED,SOUTH
ORD000625,CUST0360,,SHIPPED,EAST
ORD000626,CUST0357,2026-04-17 10:45:57,RETURNED,SOUTH
ORD000627,CUST0070,2026-06-12 16:59:18,RETURNED,NORTH
ORD000628,CUST0197,2025-11-24 20:53:29,SHIPPED,NORTH
ORD000629,CUST0102,2026-07-13 02:14:13,RETURNED,WEST
ORD000630,CUST0190,2026-02-11 16:50:36,PLACED,SOUTH
ORD000631,CUST0389,2025-02-15 21:07:33,RETURNED,SOUTH
ORD000632,CUST0322,2024-11-13 05:52:49,PLACED,SOUTH
ORD000633,CUST0370,2026-03-15 08:49:09,RETURNED,NORTH
ORD000634,CUST0506,2024-12-11 04:31:54,DELIVERED,WEST
ORD000635,CUST0320,2024-10-09 03:33:33,CANCELLED,SOUTH
ORD000636,CUST0298,2024-10-28 09:23:18,CANCELLED,SOUTH
ORD000637,CUST0488,2024-12-08 17:07:11,DELIVERED,SOUTH
ORD000639,CUST0088,2026-03-02 10:14:48,CANCELLED,WEST
ORD000640,CUST0105,2025-11-05 13:21:33,SHIPPED,NORTH
ORD000641,CUST0204,2025-11-09 09:54:43,RETURNED,WEST
ORD000642,CUST0435,2025-02-10 11:52:30,DELIVERED,EAST
ORD000643,CUST0410,2025-10-31 14:28:54,RETURNED,WEST
ORD000644,CUST0524,2025-10-01 15:38:41,CANCELLED,NORTH
ORD000645,CUST0502,2025-11-05 20:27:03,SHIPPED,NORTH
ORD000646,CUST0055,2025-01-13 13:41:42,CANCELLED,NORTH
ORD000647,CUST0392,2025-10-24 10:09:52,DELIVERED,SOUTH
ORD000648,CUST0099,2025-01-14 13:23:30,RETURNED,WEST
ORD000649,CUST0207,2025-01-13 13:42:51,CANCELLED,WEST
ORD000650,CUST0556,2026-01-03 02:50:53,RETURNED,NORTH
ORD000651,CUST0033,2024-08-07 11:26:44,PLACED,WEST
ORD000652,CUST0386,2025-04-23 06:18:44,PLACED,NORTH
ORD000653,CUST0311,2024-09-17 22:43:29,SHIPPED,WEST
ORD000654,CUST0320,2026-01-03 17:04:43,CANCELLED,NORTH
ORD000655,CUST0503,2026-03-15 22:12:37,RETURNED,WEST
ORD000656,CUST0161,2025-07-23 09:42:17,CANCELLED,EAST
ORD000657,CUST0387,2024-10-30 08:45:05,DELIVERED,EAST
ORD000658,CUST0029,2025-08-12 09:12:16,SHIPPED,EAST
ORD000659,CUST0598,,DELIVERED,WEST
ORD000660,CUST0354,2025-10-30 21:50:23,CANCELLED,EAST
ORD000661,CUST0251,2025-07-17 07:34:49,DELIVERED,NORTH
ORD000662,CUST0068,2026-01-22 06:11:38,PLACED,EAST
ORD000663,CUST0552,2025-12-04 18:01:52,CANCELLED,WEST
ORD000664,CUST0432,2025-05-04 16:18:15,CANCELLED,NORTH
ORD000665,CUST0387,2024-12-08 02:45:57,DELIVERED,NORTH
ORD000666,CUST0103,2026-05-11 02:02:23,SHIPPED,EAST
ORD000667,CUST0348,2025-05-15 03:58:44,DELIVERED,EAST
ORD000668,CUST0207,2025-08-03 22:24:20,PLACED,SOUTH
ORD000669,CUST0049,2025-07-21 06:20:33,RETURNED,WEST
ORD000670,CUST0095,2024-11-02 00:37:07,RETURNED,NORTH
ORD000671,CUST0280,2024-11-22 10:23:42,RETURNED,WEST
ORD000672,CUST0356,2024-12-15 07:49:12,DELIVERED,EAST
ORD000673,CUST0553,2025-01-09 23:13:53,CANCELLED,WEST
ORD000674,CUST0528,2024-08-12 05:59:53,RETURNED,SOUTH
ORD000675,CUST0529,2025-05-31 13:50:59,RETURNED,WEST
ORD000676,CUST0479,2026-03-04 01:13:58,RETURNED,WEST
ORD000677,CUST0062,2024-07-29 21:04:54,DELIVERED,WEST
ORD000678,CUST0155,2026-07-07 00:33:22,DELIVERED,WEST
ORD000679,CUST0066,2025-02-12 19:43:35,CANCELLED,EAST
ORD000680,CUST0165,2025-06-04 00:53:40,RETURNED,SOUTH
ORD000681,CUST0117,2025-01-07 01:54:25,PLACED,SOUTH
ORD000682,CUST0318,2026-02-14 19:54:48,RETURNED,WEST
ORD000683,CUST0038,2025-12-21 15:51:48,DELIVERED,SOUTH
ORD000685,CUST0044,2026-02-26 19:10:31,CANCELLED,NORTH
ORD000686,CUST0086,2024-12-24 02:30:35,DELIVERED,NORTH
ORD000687,CUST0417,2024-09-07 14:03:58,PLACED,WEST
ORD000688,CUST0144,2024-12-02 18:10:21,RETURNED,NORTH
ORD000689,CUST0595,2026-07-08 07:39:07,RETURNED,EAST
ORD000690,CUST0093,2025-06-24 10:03:55,PLACED,EAST
ORD000691,CUST0599,2026-05-22 17:39:07,SHIPPED,WEST
ORD000692,CUST0110,2025-11-09 12:00:57,DELIVERED,WEST
ORD000693,CUST0058,2025-08-02 18:23:36,DELIVERED,NORTH
ORD000694,CUST0434,2026-01-03 11:53:09,SHIPPED,EAST
ORD000695,CUST0149,2025-03-27 13:41:21,DELIVERED,EAST
ORD000697,CUST0056,2025-07-08 14:27:05,SHIPPED,EAST
ORD000698,CUST0317,2026-06-07 15:00:54,DELIVERED,NORTH
ORD000699,CUST0243,2025-01-25 21:34:48,CANCELLED,NORTH
ORD000700,CUST0403,2025-06-15 07:24:41,DELIVERED,EAST
ORD000701,CUST0242,2025-05-28 16:27:33,SHIPPED,WEST
ORD000702,CUST0417,2026-03-13 02:53:13,DELIVERED,NORTH
ORD000703,CUST0504,2024-08-19 16:53:38,CANCELLED,EAST
ORD000704,CUST0103,2025-11-02 09:49:53,DELIVERED,NORTH
ORD000705,CUST0561,2026-02-09 08:46:25,CANCELLED,NORTH
ORD000706,CUST0189,2026-04-19 11:47:35,SHIPPED,NORTH
ORD000707,CUST0313,2025-05-09 15:53:03,PLACED,NORTH
ORD000708,CUST0529,2026-01-28 14:42:50,SHIPPED,WEST
ORD000709,CUST0328,2025-03-18 06:01:40,SHIPPED,EAST
ORD000710,CUST0336,2025-05-20 08:41:51,SHIPPED,NORTH
ORD000711,CUST0187,2025-11-05 04:28:22,CANCELLED,SOUTH
ORD000713,CUST0474,2026-02-14 21:47:59,SHIPPED,NORTH
ORD000714,CUST0440,2025-10-05 10:49:36,SHIPPED,NORTH
ORD000715,CUST0175,2025-10-22 10:32:17,PLACED,NORTH
ORD000716,CUST0446,2025-09-07 15:55:52,CANCELLED,WEST
ORD000717,CUST0209,2025-08-30 04:12:09,DELIVERED,EAST
ORD000718,CUST0392,2025-11-28 09:38:35,SHIPPED,SOUTH
ORD000719,CUST0290,2026-05-29 10:58:25,SHIPPED,WEST
ORD000720,CUST0150,,DELIVERED,SOUTH
ORD000721,CUST0255,2026-03-21 10:26:43,CANCELLED,NORTH
ORD000723,CUST0393,2025-08-26 14:47:54,RETURNED,EAST
ORD000724,CUST0571,2024-10-11 02:59:57,DELIVERED,SOUTH
ORD000725,CUST0363,2025-07-03 23:48:31,RETURNED,NORTH
ORD000727,CUST0380,2026-04-21 13:46:53,RETURNED,NORTH
ORD000728,CUST0267,2026-05-30 23:57:29,CANCELLED,EAST
ORD000729,CUST0136,2024-08-20 03:53:08,RETURNED,WEST
ORD000730,CUST0120,2026-05-31 00:11:59,SHIPPED,WEST
ORD000731,CUST0288,2025-01-25 01:46:45,CANCELLED,EAST
ORD000732,CUST0270,2025-08-25 02:30:50,DELIVERED,EAST
ORD000733,CUST0169,2025-09-08 23:48:12,CANCELLED,SOUTH
ORD000734,CUST0451,2025-05-21 11:55:22,SHIPPED,NORTH
ORD000735,CUST0037,2026-02-09 05:45:34,SHIPPED,WEST
ORD000736,CUST0507,2024-08-17 16:53:56,DELIVERED,WEST
ORD000737,CUST0116,2025-09-24 09:29:42,SHIPPED,NORTH
ORD000738,CUST0209,2025-05-15 02:48:54,SHIPPED,SOUTH
ORD000739,CUST0280,2025-08-23 02:29:40,RETURNED,SOUTH
ORD000740,CUST0005,2026-03-04 12:48:34,RETURNED,SOUTH
ORD000741,CUST0079,2025-11-20 01:20:12,CANCELLED,NORTH
ORD000742,CUST0027,2024-08-25 12:07:46,PLACED,WEST
ORD000743,CUST0109,2024-12-12 16:15:45,SHIPPED,NORTH
ORD000744,CUST0492,2025-03-01 09:10:21,DELIVERED,NORTH
ORD000745,CUST0045,2025-06-24 15:04:26,CANCELLED,EAST
ORD000746,CUST0583,2025-05-23 09:11:49,PLACED,EAST
ORD000747,CUST0057,2026-06-05 03:33:41,RETURNED,WEST
ORD000748,CUST0262,2025-03-11 18:29:47,CANCELLED,NORTH
ORD000750,CUST0158,2026-04-22 01:10:10,CANCELLED,WEST
ORD000751,CUST0318,2025-02-25 07:01:48,RETURNED,SOUTH
ORD000752,CUST0099,2025-07-11 13:19:49,RETURNED,SOUTH
ORD000753,CUST0398,2024-11-24 12:43:51,RETURNED,WEST
ORD000754,CUST0433,2025-06-11 08:27:42,RETURNED,SOUTH
ORD000755,CUST0437,2025-03-03 21:34:38,RETURNED,EAST
ORD000756,CUST0230,2025-11-06 10:50:49,SHIPPED,WEST
ORD000757,CUST0538,2026-07-02 01:12:33,CANCELLED,WEST
ORD000758,CUST0490,2024-08-29 14:01:09,SHIPPED,EAST
ORD000759,CUST0536,2026-01-05 02:51:04,RETURNED,NORTH
ORD000760,CUST0047,2025-08-23 18:12:30,RETURNED,WEST
ORD000761,CUST0476,2026-06-20 02:55:51,RETURNED,EAST
ORD000762,CUST0600,2024-11-05 16:44:04,RETURNED,NORTH
ORD000763,CUST0474,2025-07-13 06:56:01,SHIPPED,WEST
ORD000765,CUST0466,2025-12-02 01:24:03,CANCELLED,EAST
ORD000766,CUST0192,2025-07-04 01:27:30,PLACED,EAST
ORD000767,CUST0109,2024-09-26 11:08:04,PLACED,NORTH
ORD000768,CUST0014,2026-01-30 12:18:30,CANCELLED,WEST
ORD000769,CUST0499,2025-08-11 02:08:00,RETURNED,EAST
ORD000770,CUST0405,2024-10-14 02:52:01,PLACED,SOUTH
ORD000771,CUST0196,2024-12-04 20:22:38,PLACED,SOUTH
ORD000772,CUST0215,2026-03-15 01:47:47,SHIPPED,SOUTH
ORD000773,CUST0552,2025-10-15 22:43:56,DELIVERED,WEST
ORD000774,CUST0433,,SHIPPED,SOUTH
ORD000775,CUST0456,2026-06-12 20:40:42,CANCELLED,NORTH
ORD000776,CUST0600,2026-01-09 21:42:14,DELIVERED,WEST
ORD000777,CUST0009,2025-09-15 14:57:45,CANCELLED,WEST
ORD000778,CUST0593,2024-10-31 07:29:42,RETURNED,EAST
ORD000780,CUST0063,2025-06-04 10:30:00,CANCELLED,EAST
ORD000781,CUST0275,2025-03-26 10:56:40,CANCELLED,WEST
ORD000782,CUST0356,2025-07-03 10:19:02,CANCELLED,NORTH
ORD000783,CUST0197,2024-08-06 13:35:28,CANCELLED,SOUTH
ORD000784,CUST0348,2024-12-04 03:44:03,CANCELLED,SOUTH
ORD000785,CUST0400,2025-07-05 14:25:03,DELIVERED,WEST
ORD000786,CUST0166,2025-10-19 17:28:25,DELIVERED,NORTH
ORD000787,CUST0133,2026-06-14 15:21:27,SHIPPED,WEST
ORD000788,CUST0426,2026-01-22 17:39:49,CANCELLED,EAST
ORD000789,CUST0571,2026-06-14 00:01:23,PLACED,EAST
ORD000790,CUST0366,2024-12-22 01:28:52,SHIPPED,NORTH
ORD000791,CUST0346,2026-06-03 17:05:28,RETURNED,SOUTH
ORD000792,CUST0230,2025-07-06 09:06:18,DELIVERED,EAST
ORD000793,CUST0571,2024-09-26 06:15:59,SHIPPED,NORTH
ORD000794,CUST0449,2025-01-28 11:04:03,PLACED,NORTH
ORD000795,CUST0105,2025-03-26 22:23:15,PLACED,NORTH
ORD000796,CUST0121,2026-01-06 11:44:35,DELIVERED,SOUTH
ORD000797,CUST0453,2025-12-03 23:32:12,CANCELLED,NORTH
ORD000798,CUST0373,2026-06-22 19:55:47,SHIPPED,NORTH
ORD000799,CUST0450,2026-01-21 19:57:11,PLACED,SOUTH
ORD000800,CUST0486,2026-03-28 20:46:30,RETURNED,SOUTH
ORD000801,CUST0382,2024-11-22 14:15:57,CANCELLED,EAST
ORD000802,CUST0252,2026-01-27 04:40:16,RETURNED,WEST
ORD000803,CUST0142,2026-02-07 18:11:47,CANCELLED,WEST
ORD000804,CUST0529,2024-10-22 04:13:37,DELIVERED,NORTH
ORD000805,CUST0011,2024-09-27 01:07:25,RETURNED,NORTH
ORD000806,CUST0323,2024-10-14 21:23:04,SHIPPED,WEST
ORD000807,CUST0038,2026-01-17 18:12:57,SHIPPED,NORTH
ORD000808,CUST0533,2025-07-02 06:35:22,CANCELLED,WEST
ORD000809,CUST0567,2025-11-22 17:09:44,DELIVERED,EAST
ORD000811,CUST0457,2024-09-22 11:25:30,RETURNED,WEST
ORD000812,CUST0415,2025-08-29 01:51:29,DELIVERED,NORTH
ORD000814,CUST0524,2025-05-12 13:06:12,RETURNED,EAST
ORD000815,CUST0164,,RETURNED,EAST
ORD000816,CUST0312,2026-03-24 15:44:45,RETURNED,NORTH
ORD000817,CUST0382,2025-08-19 15:20:59,RETURNED,EAST
ORD000818,CUST0128,2025-11-05 15:03:17,RETURNED,NORTH
ORD000819,CUST0242,2024-11-19 09:56:30,RETURNED,SOUTH
ORD000820,CUST0292,2025-05-08 08:16:37,RETURNED,SOUTH
ORD000821,CUST0533,2025-09-18 16:23:12,PLACED,EAST
ORD000822,CUST0198,2025-05-09 20:13:29,DELIVERED,WEST
ORD000823,CUST0436,2024-08-21 07:39:52,PLACED,NORTH
ORD000824,CUST0134,2026-03-06 22:36:22,CANCELLED,NORTH
ORD000825,CUST0539,2024-11-27 22:43:21,RETURNED,WEST
ORD000826,CUST0599,2026-06-26 18:49:12,CANCELLED,WEST
ORD000827,CUST0502,2025-04-04 13:38:55,CANCELLED,SOUTH
ORD000828,CUST0131,2025-09-30 10:43:22,CANCELLED,SOUTH
ORD000829,CUST0526,2026-05-25 23:30:20,PLACED,SOUTH
ORD000830,CUST0034,2025-12-12 11:43:56,RETURNED,EAST
ORD000831,CUST0122,2026-05-19 06:34:35,CANCELLED,NORTH
ORD000832,CUST0586,2024-11-11 19:04:16,RETURNED,SOUTH
ORD000833,CUST0313,2024-11-21 03:24:28,DELIVERED,EAST
ORD000834,CUST0147,2026-05-24 01:08:50,RETURNED,WEST
ORD000836,CUST0501,,RETURNED,EAST
ORD000837,CUST0046,2026-03-07 15:19:03,RETURNED,EAST
ORD000838,CUST0346,2026-01-22 06:43:23,CANCELLED,SOUTH
ORD000839,CUST0517,2024-08-27 01:41:33,CANCELLED,WEST
ORD000840,CUST0334,2025-06-09 02:45:55,RETURNED,WEST
ORD000841,CUST0405,2025-03-14 11:53:29,PLACED,WEST
ORD000842,CUST0091,2025-03-15 15:02:06,PLACED,EAST
ORD000843,CUST0127,2026-02-05 08:23:50,PLACED,SOUTH
ORD000844,CUST0555,2026-03-07 05:30:19,PLACED,SOUTH
ORD000845,CUST0515,2025-06-29 20:03:08,PLACED,SOUTH
ORD000846,CUST0282,2025-02-27 12:27:18,SHIPPED,WEST
ORD000847,CUST0547,2025-11-16 19:07:24,CANCELLED,NORTH
ORD000848,CUST0024,2024-12-05 13:36:50,SHIPPED,WEST
ORD000850,CUST0102,2026-06-16 03:13:52,DELIVERED,SOUTH
ORD000851,CUST0092,2024-10-28 09:51:27,CANCELLED,SOUTH
ORD000852,CUST0334,2024-12-22 18:37:32,PLACED,EAST
ORD000853,CUST0328,2024-07-20 23:03:13,DELIVERED,EAST
ORD000854,CUST0124,2025-11-13 18:33:41,SHIPPED,SOUTH
ORD000855,CUST0517,2026-03-04 17:12:28,PLACED,EAST
ORD000856,CUST0476,2025-01-30 19:31:35,PLACED,WEST
ORD000858,CUST0104,2025-07-09 10:54:52,RETURNED,SOUTH
ORD000859,CUST0417,2025-08-08 17:38:48,RETURNED,SOUTH
ORD000860,CUST0146,2026-05-13 15:12:49,SHIPPED,SOUTH
ORD000861,CUST0434,2025-08-09 12:33:39,RETURNED,WEST
ORD000863,CUST0172,,CANCELLED,EAST
ORD000864,CUST0390,2024-07-22 16:23:37,SHIPPED,EAST
ORD000866,CUST0405,2026-06-03 19:58:15,SHIPPED,EAST
ORD000867,CUST0216,2025-08-05 12:05:01,DELIVERED,EAST
ORD000868,CUST0464,2025-01-18 23:34:11,DELIVERED,EAST
ORD000869,CUST0337,,SHIPPED,NORTH
ORD000870,CUST0005,2025-10-18 14:23:06,SHIPPED,WEST
ORD000871,CUST0501,2025-12-12 10:37:09,RETURNED,NORTH
ORD000872,CUST0080,2025-07-22 17:06:36,CANCELLED,NORTH
ORD000873,CUST0386,2025-07-05 15:29:39,DELIVERED,WEST
ORD000874,CUST0009,2025-06-01 18:58:17,DELIVERED,SOUTH
ORD000875,CUST0227,2025-06-26 10:20:58,DELIVERED,EAST
ORD000876,CUST0311,2024-09-17 21:24:38,SHIPPED,SOUTH
ORD000877,CUST0372,2025-10-28 04:41:05,CANCELLED,SOUTH
ORD000879,CUST0583,2024-07-23 07:43:33,SHIPPED,SOUTH
ORD000880,CUST0580,2025-01-24 06:58:47,RETURNED,SOUTH
ORD000881,CUST0132,2026-06-03 09:59:48,SHIPPED,EAST
ORD000882,CUST0234,2025-09-16 08:22:58,DELIVERED,SOUTH
ORD000883,CUST0024,2025-02-19 05:35:48,RETURNED,EAST
ORD000884,CUST0465,,CANCELLED,NORTH
ORD000885,CUST0331,2025-11-18 11:48:34,CANCELLED,EAST
ORD000886,CUST0531,2025-09-24 06:39:21,DELIVERED,NORTH
ORD000887,CUST0230,2026-04-16 05:21:59,CANCELLED,WEST
ORD000888,CUST0402,2026-04-20 05:01:03,PLACED,NORTH
ORD000889,CUST0232,2024-12-26 11:50:28,CANCELLED,NORTH
ORD000890,CUST0202,2024-08-25 05:06:30,DELIVERED,NORTH
ORD000891,CUST0100,,CANCELLED,NORTH
ORD000892,CUST0343,2024-11-10 08:53:28,SHIPPED,NORTH
ORD000893,CUST0349,2024-08-29 23:39:43,DELIVERED,SOUTH
ORD000894,CUST0450,2025-12-07 15:09:34,CANCELLED,NORTH
ORD000895,CUST0063,2025-04-15 07:23:49,CANCELLED,EAST
ORD000896,CUST0067,2024-08-15 17:43:33,PLACED,WEST
ORD000897,CUST0443,2024-11-08 03:10:16,PLACED,NORTH
ORD000898,CUST0391,2026-05-12 09:43:38,RETURNED,WEST
ORD000899,CUST0011,2024-08-12 09:46:25,CANCELLED,WEST
ORD000900,CUST0104,2025-12-18 06:54:45,PLACED,WEST
ORD000901,CUST0198,2025-10-10 05:37:30,PLACED,NORTH
ORD000902,CUST0199,2026-04-30 02:55:01,SHIPPED,EAST
ORD000903,CUST0493,2025-10-29 19:15:07,CANCELLED,SOUTH
ORD000904,CUST0046,2025-03-07 00:32:58,DELIVERED,WEST
ORD000905,CUST0367,2025-04-01 09:33:13,RETURNED,SOUTH
ORD000906,CUST0317,2026-07-03 02:24:36,DELIVERED,EAST
ORD000907,CUST0531,2024-09-24 08:05:32,SHIPPED,NORTH
ORD000908,CUST0573,2024-08-25 07:12:24,CANCELLED,EAST
ORD000909,CUST0206,2024-10-10 19:00:31,SHIPPED,NORTH
ORD000910,CUST0488,2025-06-07 01:50:10,CANCELLED,EAST
ORD000911,CUST0580,2024-12-03 15:59:12,RETURNED,EAST
ORD000912,CUST0167,2024-11-20 12:42:08,PLACED,WEST
ORD000913,CUST0004,2025-12-22 05:52:14,SHIPPED,WEST
ORD000914,CUST0245,2025-02-24 02:26:00,DELIVERED,WEST
ORD000915,CUST0189,2025-11-04 20:44:04,PLACED,EAST
ORD000917,CUST0451,2026-01-06 07:56:38,RETURNED,EAST
ORD000919,CUST0269,2025-10-23 08:13:17,DELIVERED,SOUTH
ORD000920,CUST0023,2025-10-05 17:18:59,DELIVERED,NORTH
ORD000922,CUST0216,2025-09-27 20:56:18,SHIPPED,EAST
ORD000923,CUST0176,2024-12-03 00:31:50,RETURNED,WEST
ORD000924,CUST0067,2025-07-06 21:18:29,SHIPPED,SOUTH
ORD000925,CUST0388,2026-02-20 05:48:32,DELIVERED,WEST
ORD000926,CUST0251,2025-10-10 21:54:35,RETURNED,SOUTH
ORD000927,CUST0302,2025-04-23 23:35:55,DELIVERED,SOUTH
ORD000928,CUST0287,2026-07-11 17:14:17,RETURNED,WEST
ORD000929,CUST0084,2024-08-15 01:18:09,RETURNED,NORTH
ORD000930,CUST0398,2024-09-28 13:11:44,RETURNED,EAST
ORD000931,CUST0476,2026-03-07 03:17:51,DELIVERED,WEST
ORD000932,CUST0507,2025-03-07 16:26:57,RETURNED,WEST
ORD000933,CUST0598,2025-03-25 23:01:52,SHIPPED,SOUTH
ORD000934,CUST0463,2025-04-30 11:49:40,CANCELLED,SOUTH
ORD000935,CUST0387,2026-06-15 08:21:48,DELIVERED,EAST
ORD000936,CUST0138,2025-05-08 13:08:14,DELIVERED,WEST
ORD000937,CUST0236,2026-04-16 08:02:20,CANCELLED,EAST
ORD000938,CUST0479,2024-09-08 18:35:38,DELIVERED,WEST
ORD000939,CUST0392,,CANCELLED,SOUTH
ORD000940,CUST0078,2025-06-15 03:05:22,PLACED,EAST
ORD000941,CUST0526,2026-05-04 05:37:36,PLACED,EAST
ORD000942,CUST0101,2025-09-18 18:43:14,DELIVERED,NORTH
ORD000943,CUST0342,2024-09-06 15:30:06,DELIVERED,EAST
ORD000944,CUST0282,2025-03-02 15:59:35,RETURNED,SOUTH
ORD000945,CUST0557,2025-07-18 21:51:28,PLACED,EAST
ORD000946,CUST0355,2024-10-30 17:18:40,CANCELLED,WEST
ORD000947,CUST0013,2024-10-20 23:52:25,RETURNED,SOUTH
ORD000948,CUST0234,2026-01-08 17:50:26,SHIPPED,WEST
ORD000949,CUST0566,2026-05-16 17:43:15,CANCELLED,EAST
ORD000950,CUST0321,2025-02-16 08:43:41,CANCELLED,WEST
ORD000951,CUST0461,2025-03-30 22:05:15,PLACED,EAST
ORD000952,CUST0132,2025-08-31 14:10:15,PLACED,WEST
ORD000953,CUST0364,2025-06-04 14:12:08,CANCELLED,WEST
ORD000954,CUST0414,2025-08-29 17:18:36,RETURNED,EAST
ORD000955,CUST0024,2024-12-28 04:59:49,PLACED,SOUTH
ORD000956,CUST0339,2026-01-09 16:23:52,RETURNED,WEST
ORD000957,CUST0210,2024-12-27 14:11:18,PLACED,WEST
ORD000958,CUST0112,2025-11-05 14:42:16,CANCELLED,EAST
ORD000959,CUST0107,2024-09-01 09:50:06,SHIPPED,NORTH
ORD000960,CUST0501,,SHIPPED,NORTH
ORD000961,CUST0396,2025-10-05 00:15:00,SHIPPED,EAST
ORD000962,CUST0072,2026-02-05 00:19:16,DELIVERED,NORTH
ORD000963,CUST0421,2025-11-18 18:12:24,PLACED,SOUTH
ORD000964,CUST0490,2025-09-02 01:28:31,CANCELLED,SOUTH
ORD000965,CUST0211,2024-09-24 07:28:41,CANCELLED,SOUTH
ORD000966,CUST0318,2025-07-28 21:19:38,RETURNED,WEST
ORD000967,CUST0008,2026-01-31 14:54:57,CANCELLED,NORTH
ORD000968,CUST0253,2026-01-04 02:38:31,RETURNED,WEST
ORD000969,CUST0590,2025-10-30 23:04:30,PLACED,EAST
ORD000970,CUST0468,2026-07-13 14:11:54,DELIVERED,WEST
ORD000971,CUST0180,2026-03-22 10:01:34,SHIPPED,WEST
ORD000972,CUST0188,2026-01-18 05:00:28,PLACED,WEST
ORD000973,CUST0045,2025-02-26 06:45:18,SHIPPED,EAST
ORD000974,CUST0551,2025-06-14 22:03:07,PLACED,SOUTH
ORD000975,CUST0422,2025-11-03 02:52:54,RETURNED,NORTH
ORD000976,CUST0079,2026-05-07 17:17:43,RETURNED,EAST
ORD000977,CUST0169,2025-03-21 00:58:12,RETURNED,NORTH
ORD000978,CUST0075,2025-02-04 21:36:35,CANCELLED,WEST
ORD000979,CUST0409,2025-08-30 07:11:53,CANCELLED,NORTH
ORD000981,CUST0476,2025-11-14 07:18:31,PLACED,NORTH
ORD000982,CUST0249,2025-04-19 01:30:00,CANCELLED,SOUTH
ORD000983,CUST0286,2026-07-08 07:41:33,SHIPPED,NORTH
ORD000984,CUST0182,2024-10-26 23:13:26,RETURNED,WEST
ORD000985,CUST0012,2025-11-07 08:23:27,SHIPPED,WEST
ORD000986,CUST0222,2025-09-28 05:27:36,RETURNED,SOUTH
ORD000987,CUST0049,2025-08-07 18:42:18,RETURNED,NORTH
ORD000988,CUST0316,2025-08-25 21:12:50,RETURNED,NORTH
ORD000990,CUST0245,2025-11-20 23:52:31,PLACED,WEST
ORD000992,CUST0099,2025-08-04 18:08:39,SHIPPED,SOUTH
ORD000994,CUST0195,2024-12-04 22:54:34,RETURNED,WEST
ORD000995,CUST0124,2026-06-04 13:52:50,PLACED,EAST
ORD000996,CUST0016,2025-11-03 13:20:33,DELIVERED,NORTH
ORD000997,CUST0470,2025-01-14 23:26:29,DELIVERED,EAST
ORD000999,CUST0512,2025-02-28 20:17:08,PLACED,SOUTH
ORD001000,CUST0098,2024-12-15 13:19:50,CANCELLED,SOUTH
ORD001001,CUST0326,2024-07-19 10:39:58,CANCELLED,NORTH
ORD001002,CUST0600,2024-10-18 00:44:11,RETURNED,SOUTH
ORD001003,CUST0014,2024-08-05 20:20:31,RETURNED,NORTH
ORD001004,CUST0439,2025-07-14 07:17:31,RETURNED,NORTH
ORD001005,CUST0384,2025-11-16 00:37:44,SHIPPED,SOUTH
ORD001006,CUST0039,2026-03-29 01:22:01,RETURNED,WEST
ORD001007,CUST0337,2024-10-17 19:29:26,DELIVERED,NORTH
ORD001008,CUST0425,2026-02-11 00:36:09,DELIVERED,NORTH
ORD001009,CUST0340,2026-05-07 22:21:45,SHIPPED,NORTH
ORD001010,CUST0255,2024-12-26 06:07:21,SHIPPED,WEST
ORD001011,CUST0188,2026-03-31 06:09:20,PLACED,NORTH
ORD001012,CUST0072,2025-11-08 03:22:05,PLACED,SOUTH
ORD001013,CUST0129,2025-06-05 06:29:53,RETURNED,SOUTH
ORD001014,CUST0081,2025-06-04 19:28:55,CANCELLED,EAST
ORD001015,CUST0203,2024-08-22 13:13:54,SHIPPED,SOUTH
ORD001016,CUST0591,2025-04-03 11:32:04,SHIPPED,EAST
ORD001017,CUST0493,2025-04-15 19:08:42,DELIVERED,WEST
ORD001018,CUST0483,2025-09-26 12:05:52,RETURNED,WEST
ORD001019,CUST0494,,CANCELLED,WEST
ORD001020,CUST0308,2025-11-25 09:07:23,SHIPPED,SOUTH
ORD001021,CUST0475,2024-12-30 03:27:42,DELIVERED,WEST
ORD001022,CUST0493,2024-07-26 23:47:31,SHIPPED,WEST
ORD001023,CUST0195,,RETURNED,EAST
ORD001024,CUST0426,2024-12-21 11:35:45,DELIVERED,WEST
ORD001025,CUST0073,2026-01-05 04:02:46,PLACED,NORTH
ORD001026,CUST0580,2025-02-21 23:05:53,CANCELLED,EAST
ORD001027,CUST0357,2025-01-31 19:52:55,CANCELLED,EAST
ORD001028,CUST0395,2026-03-23 23:30:27,SHIPPED,SOUTH
ORD001029,CUST0371,2024-09-08 21:45:06,PLACED,SOUTH
ORD001030,CUST0467,2025-03-14 06:29:31,SHIPPED,EAST
ORD001031,CUST0593,2025-03-08 10:53:42,SHIPPED,NORTH
ORD001032,CUST0095,2025-08-15 18:34:30,CANCELLED,WEST
ORD001033,CUST0083,2025-09-18 09:49:10,SHIPPED,WEST
ORD001034,CUST0438,2025-03-26 19:34:25,DELIVERED,WEST
ORD001035,CUST0422,2026-03-05 23:43:11,PLACED,NORTH
ORD001036,CUST0353,2024-07-22 23:29:27,DELIVERED,SOUTH
ORD001037,CUST0408,2024-10-14 15:16:00,PLACED,SOUTH
ORD001038,CUST0002,2026-01-01 22:06:05,CANCELLED,WEST
ORD001039,CUST0442,2025-04-03 02:02:21,DELIVERED,SOUTH
ORD001040,CUST0203,2025-04-09 08:38:13,RETURNED,NORTH
ORD001041,CUST0218,2025-05-21 20:05:25,PLACED,SOUTH
ORD001042,CUST0197,2026-01-31 20:55:40,CANCELLED,WEST
ORD001043,CUST0112,2025-10-03 02:39:43,SHIPPED,NORTH
ORD001044,CUST0387,2025-11-08 16:08:38,PLACED,EAST
ORD001047,CUST0535,2024-12-01 15:09:33,CANCELLED,EAST
ORD001048,CUST0485,2024-12-15 21:54:30,RETURNED,WEST
ORD001049,CUST0352,2025-03-31 22:26:19,SHIPPED,EAST
ORD001050,CUST0388,2026-04-26 20:49:33,DELIVERED,EAST
ORD001051,CUST0004,2025-04-06 16:47:43,CANCELLED,SOUTH
ORD001053,CUST0255,2025-12-22 13:00:01,RETURNED,WEST
ORD001054,CUST0193,,DELIVERED,NORTH
ORD001055,CUST0047,2026-06-29 19:42:46,DELIVERED,WEST
ORD001056,CUST0497,2025-07-21 18:31:31,RETURNED,NORTH
ORD001057,CUST0488,2026-03-29 11:05:41,PLACED,WEST
ORD001058,CUST0200,2024-08-14 20:02:58,RETURNED,NORTH
ORD001059,CUST0090,2025-12-01 17:01:32,RETURNED,WEST
ORD001060,CUST0457,2024-10-31 15:49:54,CANCELLED,SOUTH
ORD001061,CUST0175,2025-07-27 04:55:22,PLACED,NORTH
ORD001062,CUST0030,2024-11-15 21:48:22,DELIVERED,WEST
ORD001063,CUST0226,2025-11-17 09:03:37,CANCELLED,NORTH
ORD001064,CUST0548,2025-07-10 23:44:11,CANCELLED,NORTH
ORD001065,CUST0341,2026-06-11 02:22:05,RETURNED,NORTH
ORD001066,CUST0387,2026-05-21 06:08:48,CANCELLED,WEST
ORD001067,CUST0229,2025-09-08 06:59:46,DELIVERED,NORTH
ORD001068,CUST0349,2026-06-14 02:30:55,SHIPPED,NORTH
ORD001069,CUST0131,2025-04-04 12:05:33,CANCELLED,NORTH
ORD001070,CUST0549,2025-07-12 10:15:46,CANCELLED,WEST
ORD001071,CUST0374,2026-03-19 03:48:38,SHIPPED,SOUTH
ORD001072,CUST0010,2026-04-11 14:21:42,CANCELLED,EAST
ORD001073,CUST0304,2025-06-04 17:50:24,CANCELLED,WEST
ORD001074,CUST0291,2026-07-08 20:27:16,PLACED,EAST
ORD001075,CUST0127,2026-02-14 23:58:37,RETURNED,WEST
ORD001076,CUST0221,2024-08-30 17:31:36,CANCELLED,NORTH
ORD001077,CUST0342,2026-04-27 20:41:42,SHIPPED,SOUTH
ORD001078,CUST0054,2025-08-26 22:42:17,SHIPPED,WEST
ORD001079,CUST0307,2025-03-07 17:22:03,SHIPPED,NORTH
ORD001080,CUST0346,2025-09-30 00:29:23,CANCELLED,EAST
ORD001081,CUST0401,2026-02-01 07:30:25,DELIVERED,EAST
ORD001082,CUST0200,2025-12-26 23:42:57,RETURNED,WEST
ORD001083,CUST0332,2025-03-20 06:35:42,RETURNED,NORTH
ORD001084,CUST0312,2025-09-22 10:26:56,SHIPPED,SOUTH
ORD001085,CUST0495,2025-09-07 10:49:30,SHIPPED,SOUTH
ORD001086,CUST0201,2024-08-01 18:07:57,PLACED,EAST
ORD001087,CUST0590,2024-12-26 23:29:22,SHIPPED,WEST
ORD001088,CUST0438,2025-10-09 16:40:04,SHIPPED,NORTH
ORD001089,CUST0486,2026-01-01 15:43:01,PLACED,NORTH
ORD001090,CUST0347,2025-04-01 20:53:29,SHIPPED,WEST
ORD001091,CUST0122,2026-03-31 05:36:52,CANCELLED,EAST
ORD001092,CUST0177,2026-06-29 20:08:56,CANCELLED,NORTH
ORD001093,CUST0392,2026-06-07 23:15:53,CANCELLED,EAST
ORD001095,CUST0522,2025-04-18 20:41:40,RETURNED,WEST
ORD001096,CUST0097,2024-09-07 15:29:46,SHIPPED,WEST
ORD001097,CUST0445,2024-11-11 04:26:27,SHIPPED,NORTH
ORD001098,CUST0551,2025-02-21 01:20:58,PLACED,WEST
ORD001099,CUST0550,2026-05-02 05:42:34,RETURNED,WEST
ORD001100,CUST0599,2024-08-11 10:18:20,PLACED,SOUTH
ORD001101,CUST0121,2025-04-07 15:27:18,RETURNED,SOUTH
ORD001104,CUST0036,2025-09-06 04:46:10,PLACED,EAST
ORD001105,CUST0558,2026-05-03 12:46:39,PLACED,SOUTH
ORD001106,CUST0532,2024-11-24 03:05:28,DELIVERED,WEST
ORD001107,CUST0503,2025-10-04 17:03:54,RETURNED,EAST
ORD001108,CUST0523,2025-10-31 16:03:31,PLACED,NORTH
ORD001109,CUST0193,2025-05-16 19:14:15,SHIPPED,SOUTH
ORD001110,CUST0222,2024-12-10 18:11:30,DELIVERED,SOUTH
ORD001111,CUST0433,2025-10-23 12:22:35,DELIVERED,EAST
ORD001112,CUST0168,2024-10-16 23:20:15,PLACED,EAST
ORD001113,CUST0147,2026-05-20 18:23:25,PLACED,EAST
ORD001114,CUST0198,2026-03-17 21:08:37,RETURNED,SOUTH
ORD001115,CUST0158,2026-02-21 22:55:14,CANCELLED,WEST
ORD001117,CUST0113,2026-01-17 00:18:37,CANCELLED,NORTH
ORD001118,CUST0092,2026-05-15 12:06:35,DELIVERED,EAST
ORD001119,CUST0232,2025-03-19 11:53:22,PLACED,WEST
ORD001120,CUST0228,2026-01-20 13:34:22,PLACED,NORTH
ORD001121,CUST0314,2024-08-11 18:47:18,CANCELLED,NORTH
ORD001122,CUST0586,2025-02-14 02:16:28,RETURNED,EAST
ORD001123,CUST0050,2025-06-04 16:17:01,CANCELLED,SOUTH
ORD001124,CUST0545,2024-09-23 15:13:25,CANCELLED,WEST
ORD001125,CUST0266,,RETURNED,SOUTH
ORD001126,CUST0147,2026-05-30 10:34:09,DELIVERED,NORTH
ORD001127,CUST0380,2025-01-18 19:10:06,SHIPPED,WEST
ORD001128,CUST0188,2025-05-02 20:00:56,DELIVERED,WEST
ORD001129,CUST0283,2025-07-04 05:20:25,RETURNED,SOUTH
ORD001130,CUST0090,2026-04-23 11:24:13,CANCELLED,EAST
ORD001131,CUST0082,2025-03-10 06:36:13,SHIPPED,NORTH
ORD001132,CUST0059,2025-01-02 02:20:06,DELIVERED,WEST
ORD001133,CUST0011,2025-08-30 01:46:37,CANCELLED,SOUTH
ORD001134,CUST0528,2025-03-10 00:49:02,RETURNED,NORTH
ORD001135,CUST0195,2024-12-01 03:40:11,PLACED,WEST
ORD001136,CUST0354,2024-10-13 09:20:18,RETURNED,NORTH
ORD001137,CUST0173,2025-05-04 21:04:54,RETURNED,SOUTH
ORD001138,CUST0376,2026-03-19 21:36:44,RETURNED,EAST
ORD001139,CUST0433,2024-08-16 06:17:23,SHIPPED,EAST
ORD001140,CUST0347,2026-03-14 08:15:34,SHIPPED,NORTH
ORD001141,CUST0495,2024-12-22 04:34:59,SHIPPED,NORTH
ORD001142,CUST0583,2026-06-27 15:20:44,DELIVERED,NORTH
ORD001143,CUST0500,2024-09-28 03:27:42,PLACED,WEST
ORD001144,CUST0363,2025-06-27 21:44:40,DELIVERED,SOUTH
ORD001145,CUST0010,2025-08-15 05:37:14,CANCELLED,SOUTH
ORD001146,CUST0527,2024-08-06 14:00:49,CANCELLED,NORTH
ORD001147,CUST0008,2026-03-30 20:06:23,DELIVERED,SOUTH
ORD001148,CUST0384,2025-07-28 02:41:23,CANCELLED,SOUTH
ORD001149,CUST0276,2026-06-21 02:47:40,CANCELLED,WEST
ORD001150,CUST0363,2025-08-10 14:53:01,PLACED,EAST
ORD001151,CUST0204,2024-11-14 21:24:49,DELIVERED,NORTH
ORD001152,CUST0432,2024-12-12 22:59:54,PLACED,SOUTH
ORD001153,CUST0491,2025-04-08 09:24:56,DELIVERED,NORTH
ORD001154,CUST0564,2026-07-05 15:01:59,SHIPPED,EAST
ORD001155,CUST0410,2025-07-28 17:45:57,CANCELLED,SOUTH
ORD001156,CUST0111,2026-02-07 02:53:12,SHIPPED,SOUTH
ORD001157,CUST0014,2026-05-27 23:28:58,SHIPPED,NORTH
ORD001158,CUST0351,2025-08-28 22:19:42,RETURNED,NORTH
ORD001159,CUST0297,2025-03-16 06:42:05,PLACED,WEST
ORD001160,CUST0157,2026-03-12 14:10:57,SHIPPED,SOUTH
ORD001161,CUST0118,2025-03-29 11:13:03,SHIPPED,WEST
ORD001162,CUST0106,2024-11-06 12:24:32,RETURNED,SOUTH
ORD001163,CUST0153,2026-03-07 21:22:07,SHIPPED,WEST
ORD001166,CUST0314,2026-04-17 18:58:06,SHIPPED,SOUTH
ORD001167,CUST0491,2026-07-16 19:13:39,CANCELLED,NORTH
ORD001168,CUST0276,2025-08-23 02:51:58,DELIVERED,WEST
ORD001169,CUST0049,2025-12-25 20:07:13,PLACED,NORTH
ORD001170,CUST0330,2024-10-29 07:13:22,CANCELLED,EAST
ORD001171,CUST0104,2024-12-24 14:09:38,DELIVERED,WEST
ORD001172,CUST0312,2026-02-01 00:10:17,PLACED,SOUTH
ORD001173,CUST0371,2024-08-15 14:35:04,RETURNED,EAST
ORD001174,CUST0283,2025-07-10 00:26:37,CANCELLED,NORTH
ORD001175,CUST0134,2025-05-15 06:21:49,RETURNED,NORTH
ORD001177,CUST0102,2026-05-20 22:25:35,RETURNED,EAST
ORD001178,CUST0486,2025-08-27 22:24:36,SHIPPED,SOUTH
ORD001180,CUST0574,2024-07-21 09:48:33,DELIVERED,WEST
ORD001181,CUST0121,2025-03-16 18:18:27,PLACED,WEST
ORD001182,CUST0516,2026-07-12 09:13:25,SHIPPED,EAST
ORD001183,CUST0133,2024-08-21 09:58:25,RETURNED,NORTH
ORD001184,CUST0195,2026-01-02 20:46:46,CANCELLED,WEST
ORD001185,CUST0526,2026-05-07 23:22:24,SHIPPED,WEST
ORD001186,CUST0394,2025-10-22 19:31:09,CANCELLED,WEST
ORD001187,CUST0212,2026-05-26 10:07:32,SHIPPED,SOUTH
ORD001188,CUST0010,2024-09-23 20:24:29,RETURNED,WEST
ORD001189,CUST0538,2025-04-03 02:10:01,SHIPPED,EAST
ORD001190,CUST0566,2025-07-15 20:23:36,SHIPPED,NORTH
ORD001191,CUST0299,2026-06-08 20:49:19,SHIPPED,EAST
ORD001192,CUST0277,2024-08-23 01:18:12,PLACED,SOUTH
ORD001193,CUST0216,2024-10-06 07:10:18,PLACED,EAST
ORD001194,CUST0378,2025-08-26 13:28:03,RETURNED,EAST
ORD001195,CUST0419,2026-03-05 07:49:46,DELIVERED,EAST
ORD001196,CUST0011,2025-12-12 01:33:11,SHIPPED,EAST
ORD001197,CUST0017,2026-02-17 07:20:35,RETURNED,NORTH
ORD001198,CUST0392,2025-03-17 22:15:36,DELIVERED,SOUTH
ORD001199,CUST0226,2024-08-04 16:15:29,SHIPPED,WEST
ORD001200,CUST0238,2025-10-09 19:41:29,CANCELLED,EAST
